OLS,XGB
0.134920343705058,0.999994151740951
0.113439810478773,0.999994006524586
0.152877992645603,0.000468921601693178
0.149611665016697,0.999964788116174
0.128495927579188,0.999963913780458
0.14917518551564,0.00116052913246415
